Workbook

Sheet Dashboard
A1: Tableau de bord — Analyse du stock des centres de santé
A2: Janvier – mars 2026
A4: Consommation totale (mars) | D4: Croissance conso (janv. → mars) | G4: Centre le plus à risque | J4: Couverture Centre 1 (mars)
A5: =KPI!E6 -> 269 | D5: =(KPI!E6-KPI!E4)/KPI!E4 -> 0.45405405 | G5: ="Centre 1" -> Centre 1 | J5: =KPI!F11 -> 16.323529
A7: unités | J7: jours
A57: Note : les valeurs 0 pour Centre 2 (janvier) et Centre 3 (février) reflètent une donnée manquante à la source, pas une valeur nulle réelle. Voir l'onglet Données consolidées.

Sheet Données nettoyées
A1: Centre | B1: Période | C1: Mois | D1: Stock début | E1: Stock fin | F1: Ruptures | G1: À vérifier
A2: Centre 1 | B2: 2026-01 | C2: Janvier 2026 | D2: 108 | E2: 85 | F2: 0
A3: Centre 1 | B3: 2026-02 | C3: Février 2026 | D3: 119 | E3: 72 | F3: 0
A4: Centre 1 | B4: 2026-03 | C4: Mars 2026 | D4: 105 | E4: 37 | F4: 0
A5: Centre 2 | B5: 2026-01 | C5: Janvier 2026 | D5: 106 | F5: 0 | G5: stock_fin manquant
A6: Centre 2 | B6: 2026-02 | C6: Février 2026 | D6: 104 | E6: 39 | F6: 0
A7: Centre 2 | B7: 2026-03 | C7: Mars 2026 | D7: 173 | E7: 133 | F7: 0 | G7: doublon de période (valeurs conflictuelles)
A8: Centre 2 | B8: 2026-03 | C8: Mars 2026 | D8: 140 | E8: 38 | F8: 0 | G8: doublon de période (valeurs conflictuelles)
A9: Centre 3 | B9: 2026-01 | C9: Janvier 2026 | D9: 135 | E9: 86 | F9: 0
A10: Centre 3 | B10: 2026-02 | C10: Février 2026 | D10: 197 | F10: 0 | G10: stock_fin manquant
A11: Centre 3 | B11: 2026-03 | C11: Mars 2026 | D11: 148 | E11: 119 | F11: 0
A12: Centre 4 | B12: 2026-01 | C12: Janvier 2026 | D12: 219 | E12: 146 | F12: 0
A13: Centre 4 | B13: 2026-02 | C13: Février 2026 | D13: 155 | E13: 89 | F13: 0
A14: Centre 4 | B14: 2026-03 | C14: Mars 2026 | D14: 142 | E14: 102 | F14: 0
A15: Centre 5 | B15: 2026-01 | C15: Janvier 2026 | D15: 81 | E15: 41 | F15: 0
A16: Centre 5 | B16: 2026-02 | C16: Février 2026 | D16: 91 | E16: 42 | F16: 0 | G16: doublon de période (valeurs conflictuelles)
A17: Centre 5 | B17: 2026-02 | C17: Février 2026 | E17: 45 | F17: 1 | G17: stock_debut manquant; rupture signalée mais stock_fin > 0; doublon de période (valeurs conflictuelles)
A18: Centre 5 | B18: 2026-03 | C18: Mars 2026 | D18: 136 | E18: 75 | F18: 0

Sheet Données consolidées
A1: Centre | B1: Période | C1: Mois | D1: Stock début | E1: Stock fin | F1: Ruptures | G1: Consommation | H1: Taux conso (%) | I1: Note
A2: Centre 1 | B2: 2026-01 | C2: Janvier 2026 | D2: =IFERROR(AVERAGEIFS('Données nettoyées'!$D$2:$D$18,'Données nettoyées'!$A$2:$A$18,$A2,'Données nettoyées'!$B$2:$B$18,$B2),"") -> 108 | E2: =IFERROR(AVERAGEIFS('Données nettoyées'!$E$2:$E$18,'Données nettoyées'!$A$2:$A$18,$A2,'Données nettoyées'!$B$2:$B$18,$B2),"") -> 85 | F2: =_xlfn.MAXIFS('Données nettoyées'!$F$2:$F$18,'Données nettoyées'!$A$2:$A$18,$A2,'Données nettoyées'!$B$2:$B$18,$B2) -> 0 | G2: =IF(OR($D2="",$E2=""),"",$D2-$E2) -> 23 | H2: =IF(OR($D2="",$E2=""),"",($D2-$E2)/$D2) -> 0.21296296
A3: Centre 1 | B3: 2026-02 | C3: Février 2026 | D3: =IFERROR(AVERAGEIFS('Données nettoyées'!$D$2:$D$18,'Données nettoyées'!$A$2:$A$18,$A3,'Données nettoyées'!$B$2:$B$18,$B3),"") -> 119 | E3: =IFERROR(AVERAGEIFS('Données nettoyées'!$E$2:$E$18,'Données nettoyées'!$A$2:$A$18,$A3,'Données nettoyées'!$B$2:$B$18,$B3),"") -> 72 | F3: =_xlfn.MAXIFS('Données nettoyées'!$F$2:$F$18,'Données nettoyées'!$A$2:$A$18,$A3,'Données nettoyées'!$B$2:$B$18,$B3) -> 0 | G3: =IF(OR($D3="",$E3=""),"",$D3-$E3) -> 47 | H3: =IF(OR($D3="",$E3=""),"",($D3-$E3)/$D3) -> 0.39495798
A4: Centre 1 | B4: 2026-03 | C4: Mars 2026 | D4: =IFERROR(AVERAGEIFS('Données nettoyées'!$D$2:$D$18,'Données nettoyées'!$A$2:$A$18,$A4,'Données nettoyées'!$B$2:$B$18,$B4),"") -> 105 | E4: =IFERROR(AVERAGEIFS('Données nettoyées'!$E$2:$E$18,'Données nettoyées'!$A$2:$A$18,$A4,'Données nettoyées'!$B$2:$B$18,$B4),"") -> 37 | F4: =_xlfn.MAXIFS('Données nettoyées'!$F$2:$F$18,'Données nettoyées'!$A$2:$A$18,$A4,'Données nettoyées'!$B$2:$B$18,$B4) -> 0 | G4: =IF(OR($D4="",$E4=""),"",$D4-$E4) -> 68 | H4: =IF(OR($D4="",$E4=""),"",($D4-$E4)/$D4) -> 0.64761905
A5: Centre 2 | B5: 2026-01 | C5: Janvier 2026 | D5: =IFERROR(AVERAGEIFS('Données nettoyées'!$D$2:$D$18,'Données nettoyées'!$A$2:$A$18,$A5,'Données nettoyées'!$B$2:$B$18,$B5),"") -> 106 | E5: =IFERROR(AVERAGEIFS('Données nettoyées'!$E$2:$E$18,'Données nettoyées'!$A$2:$A$18,$A5,'Données nettoyées'!$B$2:$B$18,$B5),"") | F5: =_xlfn.MAXIFS('Données nettoyées'!$F$2:$F$18,'Données nettoyées'!$A$2:$A$18,$A5,'Données nettoyées'!$B$2:$B$18,$B5) -> 0 | G5: =IF(OR($D5="",$E5=""),"",$D5-$E5) | H5: =IF(OR($D5="",$E5=""),"",($D5-$E5)/$D5) | I5: Stock fin manquant à la source (N/A) — non estimé
A6: Centre 2 | B6: 2026-02 | C6: Février 2026 | D6: =IFERROR(AVERAGEIFS('Données nettoyées'!$D$2:$D$18,'Données nettoyées'!$A$2:$A$18,$A6,'Données nettoyées'!$B$2:$B$18,$B6),"") -> 104 | E6: =IFERROR(AVERAGEIFS('Données nettoyées'!$E$2:$E$18,'Données nettoyées'!$A$2:$A$18,$A6,'Données nettoyées'!$B$2:$B$18,$B6),"") -> 39 | F6: =_xlfn.MAXIFS('Données nettoyées'!$F$2:$F$18,'Données nettoyées'!$A$2:$A$18,$A6,'Données nettoyées'!$B$2:$B$18,$B6) -> 0 | G6: =IF(OR($D6="",$E6=""),"",$D6-$E6) -> 65 | H6: =IF(OR($D6="",$E6=""),"",($D6-$E6)/$D6) -> 0.625
A7: Centre 2 | B7: 2026-03 | C7: Mars 2026 | D7: =IFERROR(AVERAGEIFS('Données nettoyées'!$D$2:$D$18,'Données nettoyées'!$A$2:$A$18,$A7,'Données nettoyées'!$B$2:$B$18,$B7),"") -> 156.5 | E7: =IFERROR(AVERAGEIFS('Données nettoyées'!$E$2:$E$18,'Données nettoyées'!$A$2:$A$18,$A7,'Données nettoyées'!$B$2:$B$18,$B7),"") -> 85.5 | F7: =_xlfn.MAXIFS('Données nettoyées'!$F$2:$F$18,'Données nettoyées'!$A$2:$A$18,$A7,'Données nettoyées'!$B$2:$B$18,$B7) -> 0 | G7: =IF(OR($D7="",$E7=""),"",$D7-$E7) -> 71 | H7: =IF(OR($D7="",$E7=""),"",($D7-$E7)/$D7) -> 0.45367412 | I7: Moyenne de 2 enregistrements en conflit — à confirmer avec le terrain
A8: Centre 3 | B8: 2026-01 | C8: Janvier 2026 | D8: =IFERROR(AVERAGEIFS('Données nettoyées'!$D$2:$D$18,'Données nettoyées'!$A$2:$A$18,$A8,'Données nettoyées'!$B$2:$B$18,$B8),"") -> 135 | E8: =IFERROR(AVERAGEIFS('Données nettoyées'!$E$2:$E$18,'Données nettoyées'!$A$2:$A$18,$A8,'Données nettoyées'!$B$2:$B$18,$B8),"") -> 86 | F8: =_xlfn.MAXIFS('Données nettoyées'!$F$2:$F$18,'Données nettoyées'!$A$2:$A$18,$A8,'Données nettoyées'!$B$2:$B$18,$B8) -> 0 | G8: =IF(OR($D8="",$E8=""),"",$D8-$E8) -> 49 | H8: =IF(OR($D8="",$E8=""),"",($D8-$E8)/$D8) -> 0.36296296
A9: Centre 3 | B9: 2026-02 | C9: Février 2026 | D9: =IFERROR(AVERAGEIFS('Données nettoyées'!$D$2:$D$18,'Données nettoyées'!$A$2:$A$18,$A9,'Données nettoyées'!$B$2:$B$18,$B9),"") -> 197 | E9: =IFERROR(AVERAGEIFS('Données nettoyées'!$E$2:$E$18,'Données nettoyées'!$A$2:$A$18,$A9,'Données nettoyées'!$B$2:$B$18,$B9),"") | F9: =_xlfn.MAXIFS('Données nettoyées'!$F$2:$F$18,'Données nettoyées'!$A$2:$A$18,$A9,'Données nettoyées'!$B$2:$B$18,$B9) -> 0 | G9: =IF(OR($D9="",$E9=""),"",$D9-$E9) | H9: =IF(OR($D9="",$E9=""),"",($D9-$E9)/$D9) | I9: Stock fin manquant à la source (N/A) — non estimé
A10: Centre 3 | B10: 2026-03 | C10: Mars 2026 | D10: =IFERROR(AVERAGEIFS('Données nettoyées'!$D$2:$D$18,'Données nettoyées'!$A$2:$A$18,$A10,'Données nettoyées'!$B$2:$B$18,$B10),"") -> 148 | E10: =IFERROR(AVERAGEIFS('Données nettoyées'!$E$2:$E$18,'Données nettoyées'!$A$2:$A$18,$A10,'Données nettoyées'!$B$2:$B$18,$B10),"") -> 119 | F10: =_xlfn.MAXIFS('Données nettoyées'!$F$2:$F$18,'Données nettoyées'!$A$2:$A$18,$A10,'Données nettoyées'!$B$2:$B$18,$B10) -> 0 | G10: =IF(OR($D10="",$E10=""),"",$D10-$E10) -> 29 | H10: =IF(OR($D10="",$E10=""),"",($D10-$E10)/$D10) -> 0.19594595
A11: Centre 4 | B11: 2026-01 | C11: Janvier 2026 | D11: =IFERROR(AVERAGEIFS('Données nettoyées'!$D$2:$D$18,'Données nettoyées'!$A$2:$A$18,$A11,'Données nettoyées'!$B$2:$B$18,$B11),"") -> 219 | E11: =IFERROR(AVERAGEIFS('Données nettoyées'!$E$2:$E$18,'Données nettoyées'!$A$2:$A$18,$A11,'Données nettoyées'!$B$2:$B$18,$B11),"") -> 146 | F11: =_xlfn.MAXIFS('Données nettoyées'!$F$2:$F$18,'Données nettoyées'!$A$2:$A$18,$A11,'Données nettoyées'!$B$2:$B$18,$B11) -> 0 | G11: =IF(OR($D11="",$E11=""),"",$D11-$E11) -> 73 | H11: =IF(OR($D11="",$E11=""),"",($D11-$E11)/$D11) -> 0.33333333
A12: Centre 4 | B12: 2026-02 | C12: Février 2026 | D12: =IFERROR(AVERAGEIFS('Données nettoyées'!$D$2:$D$18,'Données nettoyées'!$A$2:$A$18,$A12,'Données nettoyées'!$B$2:$B$18,$B12),"") -> 155 | E12: =IFERROR(AVERAGEIFS('Données nettoyées'!$E$2:$E$18,'Données nettoyées'!$A$2:$A$18,$A12,'Données nettoyées'!$B$2:$B$18,$B12),"") -> 89 | F12: =_xlfn.MAXIFS('Données nettoyées'!$F$2:$F$18,'Données nettoyées'!$A$2:$A$18,$A12,'Données nettoyées'!$B$2:$B$18,$B12) -> 0 | G12: =IF(OR($D12="",$E12=""),"",$D12-$E12) -> 66 | H12: =IF(OR($D12="",$E12=""),"",($D12-$E12)/$D12) -> 0.42580645
A13: Centre 4 | B13: 2026-03 | C13: Mars 2026 | D13: =IFERROR(AVERAGEIFS('Données nettoyées'!$D$2:$D$18,'Données nettoyées'!$A$2:$A$18,$A13,'Données nettoyées'!$B$2:$B$18,$B13),"") -> 142 | E13: =IFERROR(AVERAGEIFS('Données nettoyées'!$E$2:$E$18,'Données nettoyées'!$A$2:$A$18,$A13,'Données nettoyées'!$B$2:$B$18,$B13),"") -> 102 | F13: =_xlfn.MAXIFS('Données nettoyées'!$F$2:$F$18,'Données nettoyées'!$A$2:$A$18,$A13,'Données nettoyées'!$B$2:$B$18,$B13) -> 0 | G13: =IF(OR($D13="",$E13=""),"",$D13-$E13) -> 40 | H13: =IF(OR($D13="",$E13=""),"",($D13-$E13)/$D13) -> 0.28169014
A14: Centre 5 | B14: 2026-01 | C14: Janvier 2026 | D14: =IFERROR(AVERAGEIFS('Données nettoyées'!$D$2:$D$18,'Données nettoyées'!$A$2:$A$18,$A14,'Données nettoyées'!$B$2:$B$18,$B14),"") -> 81 | E14: =IFERROR(AVERAGEIFS('Données nettoyées'!$E$2:$E$18,'Données nettoyées'!$A$2:$A$18,$A14,'Données nettoyées'!$B$2:$B$18,$B14),"") -> 41 | F14: =_xlfn.MAXIFS('Données nettoyées'!$F$2:$F$18,'Données nettoyées'!$A$2:$A$18,$A14,'Données nettoyées'!$B$2:$B$18,$B14) -> 0 | G14: =IF(OR($D14="",$E14=""),"",$D14-$E14) -> 40 | H14: =IF(OR($D14="",$E14=""),"",($D14-$E14)/$D14) -> 0.49382716
A15: Centre 5 | B15: 2026-02 | C15: Février 2026 | D15: =IFERROR(AVERAGEIFS('Données nettoyées'!$D$2:$D$18,'Données nettoyées'!$A$2:$A$18,$A15,'Données nettoyées'!$B$2:$B$18,$B15),"") -> 91 | E15: =IFERROR(AVERAGEIFS('Données nettoyées'!$E$2:$E$18,'Données nettoyées'!$A$2:$A$18,$A15,'Données nettoyées'!$B$2:$B$18,$B15),"") -> 43.5 | F15: =_xlfn.MAXIFS('Données nettoyées'!$F$2:$F$18,'Données nettoyées'!$A$2:$A$18,$A15,'Données nettoyées'!$B$2:$B$18,$B15) -> 1 | G15: =IF(OR($D15="",$E15=""),"",$D15-$E15) -> 47.5 | H15: =IF(OR($D15="",$E15=""),"",($D15-$E15)/$D15) -> 0.52197802 | I15: Fusion de 2 enregistrements en conflit (dont 1 rupture déclarée) — à confirmer avec le terrain
A16: Centre 5 | B16: 2026-03 | C16: Mars 2026 | D16: =IFERROR(AVERAGEIFS('Données nettoyées'!$D$2:$D$18,'Données nettoyées'!$A$2:$A$18,$A16,'Données nettoyées'!$B$2:$B$18,$B16),"") -> 136 | E16: =IFERROR(AVERAGEIFS('Données nettoyées'!$E$2:$E$18,'Données nettoyées'!$A$2:$A$18,$A16,'Données nettoyées'!$B$2:$B$18,$B16),"") -> 75 | F16: =_xlfn.MAXIFS('Données nettoyées'!$F$2:$F$18,'Données nettoyées'!$A$2:$A$18,$A16,'Données nettoyées'!$B$2:$B$18,$B16) -> 0 | G16: =IF(OR($D16="",$E16=""),"",$D16-$E16) -> 61 | H16: =IF(OR($D16="",$E16=""),"",($D16-$E16)/$D16) -> 0.44852941

Sheet KPI
A1: Indicateurs mensuels (réseau)
A3: Période | B3: Mois | C3: Stock début total | D3: Stock fin total | E3: Consommation totale | F3: Taux conso réseau (%) | G3: Croissance conso vs mois précédent (%)
A4: 2026-01 | B4: Janvier 2026 | C4: =SUMIF('Données consolidées'!$B$2:$B$16,$A4,'Données consolidées'!$D$2:$D$16) -> 649 | D4: =SUMIF('Données consolidées'!$B$2:$B$16,$A4,'Données consolidées'!$E$2:$E$16) -> 358 | E4: =SUMIF('Données consolidées'!$B$2:$B$16,$A4,'Données consolidées'!$G$2:$G$16) -> 185 | F4: =IF(C4=0,"",E4/C4) -> 0.28505393
A5: 2026-02 | B5: Février 2026 | C5: =SUMIF('Données consolidées'!$B$2:$B$16,$A5,'Données consolidées'!$D$2:$D$16) -> 666 | D5: =SUMIF('Données consolidées'!$B$2:$B$16,$A5,'Données consolidées'!$E$2:$E$16) -> 243.5 | E5: =SUMIF('Données consolidées'!$B$2:$B$16,$A5,'Données consolidées'!$G$2:$G$16) -> 225.5 | F5: =IF(C5=0,"",E5/C5) -> 0.33858859 | G5: =IF(E4=0,"",(E5-E4)/E4) -> 0.21891892
A6: 2026-03 | B6: Mars 2026 | C6: =SUMIF('Données consolidées'!$B$2:$B$16,$A6,'Données consolidées'!$D$2:$D$16) -> 687.5 | D6: =SUMIF('Données consolidées'!$B$2:$B$16,$A6,'Données consolidées'!$E$2:$E$16) -> 418.5 | E6: =SUMIF('Données consolidées'!$B$2:$B$16,$A6,'Données consolidées'!$G$2:$G$16) -> 269 | F6: =IF(C6=0,"",E6/C6) -> 0.39127273 | G6: =IF(E5=0,"",(E6-E5)/E5) -> 0.19290466
A9: Indicateurs par centre
A10: Centre | B10: Consommation moyenne (unités/mois) | C10: Taux conso moyen (%) | D10: Stock fin (mars) | E10: Consommation (mars) | F10: Couverture (jours restants)
A11: Centre 1 | B11: =IFERROR(AVERAGEIF('Données consolidées'!$A$2:$A$16,$A11,'Données consolidées'!$G$2:$G$16),"") -> 46 | C11: =IFERROR(AVERAGEIF('Données consolidées'!$A$2:$A$16,$A11,'Données consolidées'!$H$2:$H$16),"") -> 0.41851333 | D11: =IFERROR(_xlfn.MAXIFS('Données consolidées'!$E$2:$E$16,'Données consolidées'!$A$2:$A$16,$A11,'Données consolidées'!$B$2:$B$16,"2026-03"),"") -> 37 | E11: =IFERROR(_xlfn.MAXIFS('Données consolidées'!$G$2:$G$16,'Données consolidées'!$A$2:$A$16,$A11,'Données consolidées'!$B$2:$B$16,"2026-03"),"") -> 68 | F11: =IF(OR($E11="",$E11=0),"",$D11/$E11*30) -> 16.323529
A12: Centre 2 | B12: =IFERROR(AVERAGEIF('Données consolidées'!$A$2:$A$16,$A12,'Données consolidées'!$G$2:$G$16),"") -> 68 | C12: =IFERROR(AVERAGEIF('Données consolidées'!$A$2:$A$16,$A12,'Données consolidées'!$H$2:$H$16),"") -> 0.53933706 | D12: =IFERROR(_xlfn.MAXIFS('Données consolidées'!$E$2:$E$16,'Données consolidées'!$A$2:$A$16,$A12,'Données consolidées'!$B$2:$B$16,"2026-03"),"") -> 85.5 | E12: =IFERROR(_xlfn.MAXIFS('Données consolidées'!$G$2:$G$16,'Données consolidées'!$A$2:$A$16,$A12,'Données consolidées'!$B$2:$B$16,"2026-03"),"") -> 71 | F12: =IF(OR($E12="",$E12=0),"",$D12/$E12*30) -> 36.126761
A13: Centre 3 | B13: =IFERROR(AVERAGEIF('Données consolidées'!$A$2:$A$16,$A13,'Données consolidées'!$G$2:$G$16),"") -> 39 | C13: =IFERROR(AVERAGEIF('Données consolidées'!$A$2:$A$16,$A13,'Données consolidées'!$H$2:$H$16),"") -> 0.27945445 | D13: =IFERROR(_xlfn.MAXIFS('Données consolidées'!$E$2:$E$16,'Données consolidées'!$A$2:$A$16,$A13,'Données consolidées'!$B$2:$B$16,"2026-03"),"") -> 119 | E13: =IFERROR(_xlfn.MAXIFS('Données consolidées'!$G$2:$G$16,'Données consolidées'!$A$2:$A$16,$A13,'Données consolidées'!$B$2:$B$16,"2026-03"),"") -> 29 | F13: =IF(OR($E13="",$E13=0),"",$D13/$E13*30) -> 123.10345
A14: Centre 4 | B14: =IFERROR(AVERAGEIF('Données consolidées'!$A$2:$A$16,$A14,'Données consolidées'!$G$2:$G$16),"") -> 59.666667 | C14: =IFERROR(AVERAGEIF('Données consolidées'!$A$2:$A$16,$A14,'Données consolidées'!$H$2:$H$16),"") -> 0.34694331 | D14: =IFERROR(_xlfn.MAXIFS('Données consolidées'!$E$2:$E$16,'Données consolidées'!$A$2:$A$16,$A14,'Données consolidées'!$B$2:$B$16,"2026-03"),"") -> 102 | E14: =IFERROR(_xlfn.MAXIFS('Données consolidées'!$G$2:$G$16,'Données consolidées'!$A$2:$A$16,$A14,'Données consolidées'!$B$2:$B$16,"2026-03"),"") -> 40 | F14: =IF(OR($E14="",$E14=0),"",$D14/$E14*30) -> 76.5
A15: Centre 5 | B15: =IFERROR(AVERAGEIF('Données consolidées'!$A$2:$A$16,$A15,'Données consolidées'!$G$2:$G$16),"") -> 49.5 | C15: =IFERROR(AVERAGEIF('Données consolidées'!$A$2:$A$16,$A15,'Données consolidées'!$H$2:$H$16),"") -> 0.48811153 | D15: =IFERROR(_xlfn.MAXIFS('Données consolidées'!$E$2:$E$16,'Données consolidées'!$A$2:$A$16,$A15,'Données consolidées'!$B$2:$B$16,"2026-03"),"") -> 75 | E15: =IFERROR(_xlfn.MAXIFS('Données consolidées'!$G$2:$G$16,'Données consolidées'!$A$2:$A$16,$A15,'Données consolidées'!$B$2:$B$16,"2026-03"),"") -> 61 | F15: =IF(OR($E15="",$E15=0),"",$D15/$E15*30) -> 36.885246

Sheet Données graphiques
A1: Stock fin par centre et par mois (unités)
A2: Mois | B2: Centre 1 | C2: Centre 2 | D2: Centre 3 | E2: Centre 4 | F2: Centre 5
A3: Janvier 2026 | B3: =SUMIFS('Données consolidées'!$E$2:$E$16,'Données consolidées'!$B$2:$B$16,"2026-01",'Données consolidées'!$A$2:$A$16,"Centre 1") -> 85 | C3: =SUMIFS('Données consolidées'!$E$2:$E$16,'Données consolidées'!$B$2:$B$16,"2026-01",'Données consolidées'!$A$2:$A$16,"Centre 2") -> 0 | D3: =SUMIFS('Données consolidées'!$E$2:$E$16,'Données consolidées'!$B$2:$B$16,"2026-01",'Données consolidées'!$A$2:$A$16,"Centre 3") -> 86 | E3: =SUMIFS('Données consolidées'!$E$2:$E$16,'Données consolidées'!$B$2:$B$16,"2026-01",'Données consolidées'!$A$2:$A$16,"Centre 4") -> 146 | F3: =SUMIFS('Données consolidées'!$E$2:$E$16,'Données consolidées'!$B$2:$B$16,"2026-01",'Données consolidées'!$A$2:$A$16,"Centre 5") -> 41
A4: Février 2026 | B4: =SUMIFS('Données consolidées'!$E$2:$E$16,'Données consolidées'!$B$2:$B$16,"2026-02",'Données consolidées'!$A$2:$A$16,"Centre 1") -> 72 | C4: =SUMIFS('Données consolidées'!$E$2:$E$16,'Données consolidées'!$B$2:$B$16,"2026-02",'Données consolidées'!$A$2:$A$16,"Centre 2") -> 39 | D4: =SUMIFS('Données consolidées'!$E$2:$E$16,'Données consolidées'!$B$2:$B$16,"2026-02",'Données consolidées'!$A$2:$A$16,"Centre 3") -> 0 | E4: =SUMIFS('Données consolidées'!$E$2:$E$16,'Données consolidées'!$B$2:$B$16,"2026-02",'Données consolidées'!$A$2:$A$16,"Centre 4") -> 89 | F4: =SUMIFS('Données consolidées'!$E$2:$E$16,'Données consolidées'!$B$2:$B$16,"2026-02",'Données consolidées'!$A$2:$A$16,"Centre 5") -> 43.5
A5: Mars 2026 | B5: =SUMIFS('Données consolidées'!$E$2:$E$16,'Données consolidées'!$B$2:$B$16,"2026-03",'Données consolidées'!$A$2:$A$16,"Centre 1") -> 37 | C5: =SUMIFS('Données consolidées'!$E$2:$E$16,'Données consolidées'!$B$2:$B$16,"2026-03",'Données consolidées'!$A$2:$A$16,"Centre 2") -> 85.5 | D5: =SUMIFS('Données consolidées'!$E$2:$E$16,'Données consolidées'!$B$2:$B$16,"2026-03",'Données consolidées'!$A$2:$A$16,"Centre 3") -> 119 | E5: =SUMIFS('Données consolidées'!$E$2:$E$16,'Données consolidées'!$B$2:$B$16,"2026-03",'Données consolidées'!$A$2:$A$16,"Centre 4") -> 102 | F5: =SUMIFS('Données consolidées'!$E$2:$E$16,'Données consolidées'!$B$2:$B$16,"2026-03",'Données consolidées'!$A$2:$A$16,"Centre 5") -> 75
A8: Consommation par centre et par mois (unités)
A9: Mois | B9: Centre 1 | C9: Centre 2 | D9: Centre 3 | E9: Centre 4 | F9: Centre 5
A10: Janvier 2026 | B10: =SUMIFS('Données consolidées'!$G$2:$G$16,'Données consolidées'!$B$2:$B$16,"2026-01",'Données consolidées'!$A$2:$A$16,"Centre 1") -> 23 | C10: =SUMIFS('Données consolidées'!$G$2:$G$16,'Données consolidées'!$B$2:$B$16,"2026-01",'Données consolidées'!$A$2:$A$16,"Centre 2") -> 0 | D10: =SUMIFS('Données consolidées'!$G$2:$G$16,'Données consolidées'!$B$2:$B$16,"2026-01",'Données consolidées'!$A$2:$A$16,"Centre 3") -> 49 | E10: =SUMIFS('Données consolidées'!$G$2:$G$16,'Données consolidées'!$B$2:$B$16,"2026-01",'Données consolidées'!$A$2:$A$16,"Centre 4") -> 73 | F10: =SUMIFS('Données consolidées'!$G$2:$G$16,'Données consolidées'!$B$2:$B$16,"2026-01",'Données consolidées'!$A$2:$A$16,"Centre 5") -> 40
A11: Février 2026 | B11: =SUMIFS('Données consolidées'!$G$2:$G$16,'Données consolidées'!$B$2:$B$16,"2026-02",'Données consolidées'!$A$2:$A$16,"Centre 1") -> 47 | C11: =SUMIFS('Données consolidées'!$G$2:$G$16,'Données consolidées'!$B$2:$B$16,"2026-02",'Données consolidées'!$A$2:$A$16,"Centre 2") -> 65 | D11: =SUMIFS('Données consolidées'!$G$2:$G$16,'Données consolidées'!$B$2:$B$16,"2026-02",'Données consolidées'!$A$2:$A$16,"Centre 3") -> 0 | E11: =SUMIFS('Données consolidées'!$G$2:$G$16,'Données consolidées'!$B$2:$B$16,"2026-02",'Données consolidées'!$A$2:$A$16,"Centre 4") -> 66 | F11: =SUMIFS('Données consolidées'!$G$2:$G$16,'Données consolidées'!$B$2:$B$16,"2026-02",'Données consolidées'!$A$2:$A$16,"Centre 5") -> 47.5
A12: Mars 2026 | B12: =SUMIFS('Données consolidées'!$G$2:$G$16,'Données consolidées'!$B$2:$B$16,"2026-03",'Données consolidées'!$A$2:$A$16,"Centre 1") -> 68 | C12: =SUMIFS('Données consolidées'!$G$2:$G$16,'Données consolidées'!$B$2:$B$16,"2026-03",'Données consolidées'!$A$2:$A$16,"Centre 2") -> 71 | D12: =SUMIFS('Données consolidées'!$G$2:$G$16,'Données consolidées'!$B$2:$B$16,"2026-03",'Données consolidées'!$A$2:$A$16,"Centre 3") -> 29 | E12: =SUMIFS('Données consolidées'!$G$2:$G$16,'Données consolidées'!$B$2:$B$16,"2026-03",'Données consolidées'!$A$2:$A$16,"Centre 4") -> 40 | F12: =SUMIFS('Données consolidées'!$G$2:$G$16,'Données consolidées'!$B$2:$B$16,"2026-03",'Données consolidées'!$A$2:$A$16,"Centre 5") -> 61
A15: Couverture de stock restante en mars (jours)
A16: Centre | B16: Jours de couverture
A17: Centre 1 | B17: =KPI!F11 -> 16.323529
A18: Centre 2 | B18: =KPI!F12 -> 36.126761
A19: Centre 3 | B19: =KPI!F13 -> 123.10345
A20: Centre 4 | B20: =KPI!F14 -> 76.5
A21: Centre 5 | B21: =KPI!F15 -> 36.885246

Sheet Journal des corrections
A1: # | B1: Correction / Anomalie signalée
A2: 1 | B2: Ligne supprimée (doublon exact) : CENTRE-3 / 2026-01-01 00:00:00 -> Centre 3 2026-01
A3: 2 | B3: Valeur manquante 'stock_fin' pour Centre 2 - 2026-01 (valeur d'origine : 'N/A'). Non complétée, à vérifier auprès de la source.
A4: 3 | B4: Valeur manquante 'stock_fin' pour Centre 3 - 2026-02 (valeur d'origine : 'N/A'). Non complétée, à vérifier auprès de la source.
A5: 4 | B5: Valeur manquante 'stock_debut' pour Centre 5 - 2026-02. Non complétée, à vérifier auprès de la source.
A6: 5 | B6: Conflit détecté : plusieurs enregistrements pour Centre 5 - 2026-02 avec des valeurs différentes (stock_debut=91.0, stock_fin=42.0, ruptures=0). Les deux lignes sont conservées, à vérifier auprès de la source.
A7: 6 | B7: Conflit détecté : plusieurs enregistrements pour Centre 2 - 2026-03 avec des valeurs différentes (stock_debut=173.0, stock_fin=133.0, ruptures=0). Les deux lignes sont conservées, à vérifier auprès de la source.
A8: 7 | B8: Conflit détecté : plusieurs enregistrements pour Centre 2 - 2026-03 avec des valeurs différentes (stock_debut=140.0, stock_fin=38.0, ruptures=0). Les deux lignes sont conservées, à vérifier auprès de la source.
A9: 8 | B9: Conflit détecté : plusieurs enregistrements pour Centre 5 - 2026-02 avec des valeurs différentes (stock_debut=nan, stock_fin=45.0, ruptures=1). Les deux lignes sont conservées, à vérifier auprès de la source.

Sheet Recommandations
A1: Recommandations à la direction
A3: 1. Réapprovisionner le Centre 1 en urgence
A4: Couverture de stock estimée à environ 16 jours au rythme de consommation de mars. Déclencher une livraison prioritaire avant la fin du mois pour éviter une rupture.
A6: 2. Enquêter sur la rupture du Centre 5 (février)
A7: Clarifier l'incohérence entre la rupture déclarée et le stock de fin positif reporté, avec l'équipe du centre.
A9: 3. Fiabiliser la collecte de données
A10: Standardiser la saisie (noms de centres, format des mois) et bloquer les doublons à la source pour fiabiliser les prochains rapports. 4 anomalies ont été détectées sur seulement 3 mois de données.
A12: 4. Mettre en place un seuil d'alerte automatique
A13: Définir un seuil de couverture minimal (ex. 30 jours) déclenchant une alerte de réapprovisionnement par centre, en s'appuyant sur la formule de couverture calculée dans l'onglet KPI.

Sheet Feuil1
